Host/IP,Resolved IP,Hostname,City,Region,Country,Org,Error,WHOIS
Sarahs-MacBook-Pro.local,127.0.0.1,N/A,N/A,N/A,N/A,N/A,,
10.192.146.1,10.192.146.1,N/A,N/A,N/A,N/A,N/A,,
172.22.1.1,172.22.1.1,N/A,N/A,N/A,N/A,N/A,,
172.21.18.154,172.21.18.154,N/A,N/A,N/A,N/A,N/A,,
213.144.168.20,213.144.168.20,N/A,Paris,Île-de-France,FR,AS6762 TELECOM ITALIA SPARKLE S.p.A.,,
149.3.183.83,149.3.183.83,N/A,London,England,GB,AS6762 TELECOM ITALIA SPARKLE S.p.A.,,
195.22.209.223,195.22.209.223,N/A,London,England,GB,AS6762 TELECOM ITALIA SPARKLE S.p.A.,,
googlepni01parth2-crco01p,N/A,N/A,N/A,N/A,N/A,N/A,,"{
  ""domain_name"": null,
  ""registrar"": null,
  ""whois_server"": null,
  ""referral_url"": null,
  ""updated_date"": null,
  ""creation_date"": null,
  ""expiration_date"": null,
  ""name_servers"": null,
  ""status"": null,
  ""emails"": null,
  ""dnssec"": null,
  ""name"": null,
  ""org"": null,
  ""address"": null,
  ""city"": null,
  ""state"": null,
  ""registrant_postal_code"": null,
  ""country"": null
}"
142.251.49.130,142.251.49.130,N/A,Paris,Île-de-France,FR,AS15169 Google LLC,,
192.178.81.162,192.178.81.162,N/A,Paris,Île-de-France,FR,AS15169 Google LLC,,
72.14.238.63,72.14.238.63,N/A,Paris,Île-de-France,FR,AS15169 Google LLC,,
192.178.81.40,192.178.81.40,N/A,Reston,Virginia,US,AS15169 Google LLC,,
192.178.81.143,192.178.81.143,N/A,Charlotte,North Carolina,US,AS15169 Google LLC,,
142.251.254.56,142.251.254.56,N/A,Atlanta,Georgia,US,AS15169 Google LLC,,
142.251.67.139,142.251.67.139,N/A,Dallas,Texas,US,AS15169 Google LLC,,
142.251.70.198,142.251.70.198,N/A,Dallas,Texas,US,AS15169 Google LLC,,
108.170.228.100,108.170.228.100,N/A,Dallas,Texas,US,AS15169 Google LLC,,
216.239.59.73,216.239.59.73,N/A,Dallas,Texas,US,AS15169 Google LLC,,
172.253.78.58,172.253.78.58,N/A,Dallas,Texas,US,AS15169 Google LLC,,
142.251.64.126,142.251.64.126,N/A,Paris,Île-de-France,FR,AS15169 Google LLC,,
216.239.48.138,216.239.48.138,N/A,Paris,Île-de-France,FR,AS15169 Google LLC,,
108.170.255.238,108.170.255.238,N/A,Paris,Île-de-France,FR,AS15169 Google LLC,,
108.170.230.211,108.170.230.211,N/A,Paris,Île-de-France,FR,AS15169 Google LLC,,
192.178.81.42,192.178.81.42,N/A,Paris,Île-de-France,FR,AS15169 Google LLC,,
192.178.81.229,192.178.81.229,N/A,Ashburn,Virginia,US,AS15169 Google LLC,,
192.178.72.201,192.178.72.201,N/A,Chicago,Illinois,US,AS15169 Google LLC,,
209.85.254.99,209.85.254.99,N/A,Council Bluffs,Iowa,US,AS15169 Google LLC,,
108.170.252.161,108.170.252.161,N/A,Omaha,Nebraska,US,AS15169 Google LLC,,
172.253.51.123,172.253.51.123,N/A,Denver,Colorado,US,AS15169 Google LLC,,
192.178.97.153,192.178.97.153,N/A,Denver,Colorado,US,AS15169 Google LLC,,
74.125.242.224,74.125.242.224,N/A,Denver,Colorado,US,AS15169 Google LLC,,
208.117.254.0,208.117.254.0,N/A,Denver,Colorado,US,AS36040 Google LLC,,
195.22.195.99,195.22.195.99,N/A,New York City,New York,US,AS6762 TELECOM ITALIA SPARKLE S.p.A.,,
195.22.195.51,195.22.195.51,N/A,New York City,New York,US,AS6762 TELECOM ITALIA SPARKLE S.p.A.,,
be-3212-cs02.newyork.ny.i,N/A,N/A,N/A,N/A,N/A,N/A,,"{
  ""domain_name"": null,
  ""registrar"": null,
  ""whois_server"": null,
  ""referral_url"": null,
  ""updated_date"": null,
  ""creation_date"": null,
  ""expiration_date"": null,
  ""name_servers"": null,
  ""status"": null,
  ""emails"": null,
  ""dnssec"": null,
  ""name"": null,
  ""org"": null,
  ""address"": null,
  ""city"": null,
  ""state"": null,
  ""registrant_postal_code"": null,
  ""country"": null
}"
be-32011-ar01.needham.ma.,N/A,N/A,N/A,N/A,N/A,N/A,,"{
  ""domain_name"": null,
  ""registrar"": null,
  ""whois_server"": null,
  ""referral_url"": null,
  ""updated_date"": null,
  ""creation_date"": null,
  ""expiration_date"": null,
  ""name_servers"": null,
  ""status"": null,
  ""emails"": null,
  ""dnssec"": null,
  ""name"": null,
  ""org"": null,
  ""address"": null,
  ""city"": null,
  ""state"": null,
  ""registrant_postal_code"": null,
  ""country"": null
}"
crco01pareq2-crco01parth2,N/A,N/A,N/A,N/A,N/A,N/A,,"{
  ""domain_name"": null,
  ""registrar"": null,
  ""whois_server"": null,
  ""referral_url"": null,
  ""updated_date"": null,
  ""creation_date"": null,
  ""expiration_date"": null,
  ""name_servers"": null,
  ""status"": null,
  ""emails"": null,
  ""dnssec"": null,
  ""name"": null,
  ""org"": null,
  ""address"": null,
  ""city"": null,
  ""state"": null,
  ""registrant_postal_code"": null,
  ""country"": null
}"
linx-lon1-loneq8-1.core.w,N/A,N/A,N/A,N/A,N/A,N/A,,"{
  ""domain_name"": null,
  ""registrar"": null,
  ""whois_server"": null,
  ""referral_url"": null,
  ""updated_date"": null,
  ""creation_date"": null,
  ""expiration_date"": null,
  ""name_servers"": null,
  ""status"": null,
  ""emails"": null,
  ""dnssec"": null,
  ""name"": null,
  ""org"": null,
  ""address"": null,
  ""city"": null,
  ""state"": null,
  ""registrant_postal_code"": null,
  ""country"": null
}"
linx-gw1.ja.net,N/A,N/A,N/A,N/A,N/A,N/A,,"{
  ""domain_name"": [
    ""JA.NET"",
    ""ja.net""
  ],
  ""registrar"": ""NOM-IQ Ltd dba Com Laude"",
  ""whois_server"": ""whois.comlaude.com"",
  ""referral_url"": null,
  ""updated_date"": [
    ""2021-10-07 19:01:04"",
    ""2023-03-10 12:03:06""
  ],
  ""creation_date"": ""1991-05-17 04:00:00"",
  ""expiration_date"": ""2025-05-18 04:00:00"",
  ""name_servers"": [
    ""NS0.JA.NET"",
    ""NS1.JA.NET"",
    ""NS1.SURFNET.NL"",
    ""NS2.JA.NET"",
    ""NS4.JA.NET"",
    ""ns0.ja.net"",
    ""ns1.ja.net"",
    ""ns1.surfnet.nl"",
    ""ns2.ja.net"",
    ""ns4.ja.net""
  ],
  ""status"": [
    ""serverDeleteProhibited https://icann.org/epp#serverDeleteProhibited"",
    ""serverTransferProhibited https://icann.org/epp#serverTransferProhibited"",
    ""serverUpdateProhibited https://icann.org/epp#serverUpdateProhibited"",
    ""serverDeleteProhibited https://www.icann.org/epp#serverDeleteProhibited"",
    ""serverTransferProhibited https://www.icann.org/epp#serverTransferProhibited"",
    ""serverUpdateProhibited https://www.icann.org/epp#serverUpdateProhibited""
  ],
  ""emails"": [
    ""abuse@comlaude.com"",
    ""gtld@demys.com""
  ],
  ""dnssec"": [
    ""unsigned"",
    ""Unsigned""
  ],
  ""name"": ""Domain Admin"",
  ""org"": ""Jisc Services Limited"",
  ""address"": ""c/o Demys Limited, 33 Melville Street"",
  ""city"": ""Edinburgh"",
  ""state"": ""Lothian"",
  ""registrant_postal_code"": ""EH3 7JF"",
  ""country"": ""GB""
}"
ae23.londtt-sbr1.ja.net,N/A,N/A,N/A,N/A,N/A,N/A,,"{
  ""domain_name"": [
    ""JA.NET"",
    ""ja.net""
  ],
  ""registrar"": ""NOM-IQ Ltd dba Com Laude"",
  ""whois_server"": ""whois.comlaude.com"",
  ""referral_url"": null,
  ""updated_date"": [
    ""2021-10-07 19:01:04"",
    ""2023-03-10 12:03:06""
  ],
  ""creation_date"": ""1991-05-17 04:00:00"",
  ""expiration_date"": ""2025-05-18 04:00:00"",
  ""name_servers"": [
    ""NS0.JA.NET"",
    ""NS1.JA.NET"",
    ""NS1.SURFNET.NL"",
    ""NS2.JA.NET"",
    ""NS4.JA.NET"",
    ""ns0.ja.net"",
    ""ns1.ja.net"",
    ""ns1.surfnet.nl"",
    ""ns2.ja.net"",
    ""ns4.ja.net""
  ],
  ""status"": [
    ""serverDeleteProhibited https://icann.org/epp#serverDeleteProhibited"",
    ""serverTransferProhibited https://icann.org/epp#serverTransferProhibited"",
    ""serverUpdateProhibited https://icann.org/epp#serverUpdateProhibited"",
    ""serverDeleteProhibited https://www.icann.org/epp#serverDeleteProhibited"",
    ""serverTransferProhibited https://www.icann.org/epp#serverTransferProhibited"",
    ""serverUpdateProhibited https://www.icann.org/epp#serverUpdateProhibited""
  ],
  ""emails"": [
    ""abuse@comlaude.com"",
    ""gtld@demys.com""
  ],
  ""dnssec"": [
    ""unsigned"",
    ""Unsigned""
  ],
  ""name"": ""Domain Admin"",
  ""org"": ""Jisc Services Limited"",
  ""address"": ""c/o Demys Limited, 33 Melville Street"",
  ""city"": ""Edinburgh"",
  ""state"": ""Lothian"",
  ""registrant_postal_code"": ""EH3 7JF"",
  ""country"": ""GB""
}"
ae28.londtw-sbr2.ja.net,N/A,N/A,N/A,N/A,N/A,N/A,,"{
  ""domain_name"": [
    ""JA.NET"",
    ""ja.net""
  ],
  ""registrar"": ""NOM-IQ Ltd dba Com Laude"",
  ""whois_server"": ""whois.comlaude.com"",
  ""referral_url"": null,
  ""updated_date"": [
    ""2021-10-07 19:01:04"",
    ""2023-03-10 12:03:06""
  ],
  ""creation_date"": ""1991-05-17 04:00:00"",
  ""expiration_date"": ""2025-05-18 04:00:00"",
  ""name_servers"": [
    ""NS0.JA.NET"",
    ""NS1.JA.NET"",
    ""NS1.SURFNET.NL"",
    ""NS2.JA.NET"",
    ""NS4.JA.NET"",
    ""ns0.ja.net"",
    ""ns1.ja.net"",
    ""ns1.surfnet.nl"",
    ""ns2.ja.net"",
    ""ns4.ja.net""
  ],
  ""status"": [
    ""serverDeleteProhibited https://icann.org/epp#serverDeleteProhibited"",
    ""serverTransferProhibited https://icann.org/epp#serverTransferProhibited"",
    ""serverUpdateProhibited https://icann.org/epp#serverUpdateProhibited"",
    ""serverDeleteProhibited https://www.icann.org/epp#serverDeleteProhibited"",
    ""serverTransferProhibited https://www.icann.org/epp#serverTransferProhibited"",
    ""serverUpdateProhibited https://www.icann.org/epp#serverUpdateProhibited""
  ],
  ""emails"": [
    ""abuse@comlaude.com"",
    ""gtld@demys.com""
  ],
  ""dnssec"": [
    ""unsigned"",
    ""Unsigned""
  ],
  ""name"": ""Domain Admin"",
  ""org"": ""Jisc Services Limited"",
  ""address"": ""c/o Demys Limited, 33 Melville Street"",
  ""city"": ""Edinburgh"",
  ""state"": ""Lothian"",
  ""registrant_postal_code"": ""EH3 7JF"",
  ""country"": ""GB""
}"
ae31.lowdss-sbr1.ja.net,N/A,N/A,N/A,N/A,N/A,N/A,,"{
  ""domain_name"": [
    ""JA.NET"",
    ""ja.net""
  ],
  ""registrar"": ""NOM-IQ Ltd dba Com Laude"",
  ""whois_server"": ""whois.comlaude.com"",
  ""referral_url"": null,
  ""updated_date"": [
    ""2021-10-07 19:01:04"",
    ""2023-03-10 12:03:06""
  ],
  ""creation_date"": ""1991-05-17 04:00:00"",
  ""expiration_date"": ""2025-05-18 04:00:00"",
  ""name_servers"": [
    ""NS0.JA.NET"",
    ""NS1.JA.NET"",
    ""NS1.SURFNET.NL"",
    ""NS2.JA.NET"",
    ""NS4.JA.NET"",
    ""ns0.ja.net"",
    ""ns1.ja.net"",
    ""ns1.surfnet.nl"",
    ""ns2.ja.net"",
    ""ns4.ja.net""
  ],
  ""status"": [
    ""serverDeleteProhibited https://icann.org/epp#serverDeleteProhibited"",
    ""serverTransferProhibited https://icann.org/epp#serverTransferProhibited"",
    ""serverUpdateProhibited https://icann.org/epp#serverUpdateProhibited"",
    ""serverDeleteProhibited https://www.icann.org/epp#serverDeleteProhibited"",
    ""serverTransferProhibited https://www.icann.org/epp#serverTransferProhibited"",
    ""serverUpdateProhibited https://www.icann.org/epp#serverUpdateProhibited""
  ],
  ""emails"": [
    ""abuse@comlaude.com"",
    ""gtld@demys.com""
  ],
  ""dnssec"": [
    ""unsigned"",
    ""Unsigned""
  ],
  ""name"": ""Domain Admin"",
  ""org"": ""Jisc Services Limited"",
  ""address"": ""c/o Demys Limited, 33 Melville Street"",
  ""city"": ""Edinburgh"",
  ""state"": ""Lothian"",
  ""registrant_postal_code"": ""EH3 7JF"",
  ""country"": ""GB""
}"
ae29.leedaq-sbr2.ja.net,N/A,N/A,N/A,N/A,N/A,N/A,,"{
  ""domain_name"": [
    ""JA.NET"",
    ""ja.net""
  ],
  ""registrar"": ""NOM-IQ Ltd dba Com Laude"",
  ""whois_server"": ""whois.comlaude.com"",
  ""referral_url"": null,
  ""updated_date"": [
    ""2021-10-07 19:01:04"",
    ""2023-03-10 12:03:06""
  ],
  ""creation_date"": ""1991-05-17 04:00:00"",
  ""expiration_date"": ""2025-05-18 04:00:00"",
  ""name_servers"": [
    ""NS0.JA.NET"",
    ""NS1.JA.NET"",
    ""NS1.SURFNET.NL"",
    ""NS2.JA.NET"",
    ""NS4.JA.NET"",
    ""ns0.ja.net"",
    ""ns1.ja.net"",
    ""ns1.surfnet.nl"",
    ""ns2.ja.net"",
    ""ns4.ja.net""
  ],
  ""status"": [
    ""serverDeleteProhibited https://icann.org/epp#serverDeleteProhibited"",
    ""serverTransferProhibited https://icann.org/epp#serverTransferProhibited"",
    ""serverUpdateProhibited https://icann.org/epp#serverUpdateProhibited"",
    ""serverDeleteProhibited https://www.icann.org/epp#serverDeleteProhibited"",
    ""serverTransferProhibited https://www.icann.org/epp#serverTransferProhibited"",
    ""serverUpdateProhibited https://www.icann.org/epp#serverUpdateProhibited""
  ],
  ""emails"": [
    ""abuse@comlaude.com"",
    ""gtld@demys.com""
  ],
  ""dnssec"": [
    ""unsigned"",
    ""Unsigned""
  ],
  ""name"": ""Domain Admin"",
  ""org"": ""Jisc Services Limited"",
  ""address"": ""c/o Demys Limited, 33 Melville Street"",
  ""city"": ""Edinburgh"",
  ""state"": ""Lothian"",
  ""registrant_postal_code"": ""EH3 7JF"",
  ""country"": ""GB""
}"
gi0-0-1.leed-ban1.ja.net,N/A,N/A,N/A,N/A,N/A,N/A,,"{
  ""domain_name"": [
    ""JA.NET"",
    ""ja.net""
  ],
  ""registrar"": ""NOM-IQ Ltd dba Com Laude"",
  ""whois_server"": ""whois.comlaude.com"",
  ""referral_url"": null,
  ""updated_date"": [
    ""2021-10-07 19:01:04"",
    ""2023-03-10 12:03:06""
  ],
  ""creation_date"": ""1991-05-17 04:00:00"",
  ""expiration_date"": ""2025-05-18 04:00:00"",
  ""name_servers"": [
    ""NS0.JA.NET"",
    ""NS1.JA.NET"",
    ""NS1.SURFNET.NL"",
    ""NS2.JA.NET"",
    ""NS4.JA.NET"",
    ""ns0.ja.net"",
    ""ns1.ja.net"",
    ""ns1.surfnet.nl"",
    ""ns2.ja.net"",
    ""ns4.ja.net""
  ],
  ""status"": [
    ""serverDeleteProhibited https://icann.org/epp#serverDeleteProhibited"",
    ""serverTransferProhibited https://icann.org/epp#serverTransferProhibited"",
    ""serverUpdateProhibited https://icann.org/epp#serverUpdateProhibited"",
    ""serverDeleteProhibited https://www.icann.org/epp#serverDeleteProhibited"",
    ""serverTransferProhibited https://www.icann.org/epp#serverTransferProhibited"",
    ""serverUpdateProhibited https://www.icann.org/epp#serverUpdateProhibited""
  ],
  ""emails"": [
    ""abuse@comlaude.com"",
    ""gtld@demys.com""
  ],
  ""dnssec"": [
    ""unsigned"",
    ""Unsigned""
  ],
  ""name"": ""Domain Admin"",
  ""org"": ""Jisc Services Limited"",
  ""address"": ""c/o Demys Limited, 33 Melville Street"",
  ""city"": ""Edinburgh"",
  ""state"": ""Lothian"",
  ""registrant_postal_code"": ""EH3 7JF"",
  ""country"": ""GB""
}"
linx1.bezeqint.co.il,N/A,N/A,N/A,N/A,N/A,N/A,,"{
  ""domain_name"": null,
  ""expiration_date"": null,
  ""registrant_name"": null,
  ""registrant_address"": null,
  ""dnssec"": null,
  ""status"": null,
  ""name_servers"": null,
  ""emails"": null,
  ""phone"": null,
  ""registrar"": null,
  ""referral_url"": null
}"
bzq-84-110-34-200.static-,N/A,N/A,N/A,N/A,N/A,N/A,,"{
  ""domain_name"": null,
  ""registrar"": null,
  ""whois_server"": null,
  ""referral_url"": null,
  ""updated_date"": null,
  ""creation_date"": null,
  ""expiration_date"": null,
  ""name_servers"": null,
  ""status"": null,
  ""emails"": null,
  ""dnssec"": null,
  ""name"": null,
  ""org"": null,
  ""address"": null,
  ""city"": null,
  ""state"": null,
  ""registrant_postal_code"": null,
  ""country"": null
}"
185.25.28.214,185.25.28.214,N/A,Frankfurt am Main,Hesse,DE,AS45566 Google Singapore Pte. Ltd.,,
89.207.228.52,89.207.228.52,N/A,Amsterdam,North Holland,NL,AS45566 Google Singapore Pte. Ltd.,,
185.25.28.139,185.25.28.139,N/A,Chicago,Illinois,US,AS45566 Google Singapore Pte. Ltd.,,
185.25.28.127,185.25.28.127,N/A,San Jose,California,US,AS45566 Google Singapore Pte. Ltd.,,
185.25.29.96,185.25.29.96,N/A,San Jose,California,US,AS45566 Google Singapore Pte. Ltd.,,
185.25.28.47,185.25.28.47,N/A,Los Angeles,California,US,AS45566 Google Singapore Pte. Ltd.,,
185.25.30.8,185.25.30.8,N/A,Los Angeles,California,US,AS36385 Google LLC,,
wifirst.dc3-2.hopus.net,37.77.36.9,wifirst.dc3-2.hopus.net,Paris,Île-de-France,FR,AS44530 HOPUS SAS,,
wifirst.dc3-2.rt.hopus.ne,N/A,N/A,N/A,N/A,N/A,N/A,,"{
  ""domain_name"": null,
  ""registrar"": null,
  ""whois_server"": null,
  ""referral_url"": null,
  ""updated_date"": null,
  ""creation_date"": null,
  ""expiration_date"": null,
  ""name_servers"": null,
  ""status"": null,
  ""emails"": null,
  ""dnssec"": null,
  ""name"": null,
  ""org"": null,
  ""address"": null,
  ""city"": null,
  ""state"": null,
  ""registrant_postal_code"": null,
  ""country"": null
}"
lag-dc3-2.pa3-1.rt.hopus.,N/A,N/A,N/A,N/A,N/A,N/A,,"{
  ""domain_name"": null,
  ""registrar"": null,
  ""whois_server"": null,
  ""referral_url"": null,
  ""updated_date"": null,
  ""creation_date"": null,
  ""expiration_date"": null,
  ""name_servers"": null,
  ""status"": null,
  ""emails"": null,
  ""dnssec"": null,
  ""name"": null,
  ""org"": null,
  ""address"": null,
  ""city"": null,
  ""state"": null,
  ""registrant_postal_code"": null,
  ""country"": null
}"
lag-pa3-1.fra8-2.rt.hopus,N/A,N/A,N/A,N/A,N/A,N/A,,"{
  ""domain_name"": null,
  ""registrar"": null,
  ""whois_server"": null,
  ""referral_url"": null,
  ""updated_date"": null,
  ""creation_date"": null,
  ""expiration_date"": null,
  ""name_servers"": null,
  ""status"": null,
  ""emails"": null,
  ""dnssec"": null,
  ""name"": null,
  ""org"": null,
  ""address"": null,
  ""city"": null,
  ""state"": null,
  ""registrant_postal_code"": null,
  ""country"": null
}"
de-fra02a-rc1-ae-30-0.aor,N/A,N/A,N/A,N/A,N/A,N/A,,"{
  ""domain_name"": null,
  ""registrar"": null,
  ""whois_server"": null,
  ""referral_url"": null,
  ""updated_date"": null,
  ""creation_date"": null,
  ""expiration_date"": null,
  ""name_servers"": null,
  ""status"": null,
  ""emails"": null,
  ""dnssec"": null,
  ""name"": null,
  ""org"": null,
  ""address"": null,
  ""city"": null,
  ""state"": null,
  ""registrant_postal_code"": null,
  ""country"": null
}"
nl-ams17b-rc1-lag-104-0.a,N/A,N/A,N/A,N/A,N/A,N/A,,"{
  ""domain_name"": null,
  ""registrar"": null,
  ""whois_server"": null,
  ""referral_url"": null,
  ""updated_date"": null,
  ""creation_date"": null,
  ""expiration_date"": null,
  ""name_servers"": null,
  ""status"": null,
  ""emails"": null,
  ""dnssec"": null,
  ""name"": null,
  ""org"": null,
  ""address"": null,
  ""city"": null,
  ""state"": null,
  ""registrant_postal_code"": null,
  ""country"": null
}"
dd5e0fa25.access.telenet.,N/A,N/A,N/A,N/A,N/A,N/A,,"{
  ""domain_name"": null,
  ""registrar"": null,
  ""whois_server"": null,
  ""referral_url"": null,
  ""updated_date"": null,
  ""creation_date"": null,
  ""expiration_date"": null,
  ""name_servers"": null,
  ""status"": null,
  ""emails"": null,
  ""dnssec"": null,
  ""name"": null,
  ""org"": null,
  ""address"": null,
  ""city"": null,
  ""state"": null,
  ""registrant_postal_code"": null,
  ""country"": null
}"
142.250.224.92,142.250.224.92,N/A,Paris,Île-de-France,FR,AS15169 Google LLC,,
192.178.104.28,192.178.104.28,N/A,Paris,Île-de-France,FR,AS15169 Google LLC,,
216.239.43.186,216.239.43.186,N/A,Paris,Île-de-France,FR,AS15169 Google LLC,,
192.178.81.227,192.178.81.227,N/A,Chicago,Illinois,US,AS15169 Google LLC,,
192.178.73.8,192.178.73.8,N/A,Chicago,Illinois,US,AS15169 Google LLC,,
172.253.51.117,172.253.51.117,N/A,Denver,Colorado,US,AS15169 Google LLC,,
192.178.108.203,192.178.108.203,N/A,Denver,Colorado,US,AS15169 Google LLC,,
142.250.234.40,142.250.234.40,N/A,Paris,Île-de-France,FR,AS15169 Google LLC,,
209.85.251.59,209.85.251.59,N/A,Paris,Île-de-France,FR,AS15169 Google LLC,,
108.170.235.172,108.170.235.172,N/A,Mountain View,California,US,AS15169 Google LLC,,
172.253.72.97,172.253.72.97,N/A,London,England,GB,AS15169 Google LLC,,
108.170.227.149,108.170.227.149,N/A,New York City,New York,US,AS15169 Google LLC,,
192.178.106.163,192.178.106.163,N/A,New York City,New York,US,AS15169 Google LLC,,
192.178.106.112,192.178.106.112,N/A,New York City,New York,US,AS15169 Google LLC,,
89.207.228.82,89.207.228.82,N/A,Frankfurt am Main,Hesse,DE,AS45566 Google Singapore Pte. Ltd.,,
89.207.225.16,89.207.225.16,N/A,Zürich,Zurich,CH,N/A,,
port-channel12.core2.par2,N/A,N/A,N/A,N/A,N/A,N/A,,"{
  ""domain_name"": null,
  ""registrar"": null,
  ""whois_server"": null,
  ""referral_url"": null,
  ""updated_date"": null,
  ""creation_date"": null,
  ""expiration_date"": null,
  ""name_servers"": null,
  ""status"": null,
  ""emails"": null,
  ""dnssec"": null,
  ""name"": null,
  ""org"": null,
  ""address"": null,
  ""city"": null,
  ""state"": null,
  ""registrant_postal_code"": null,
  ""country"": null
}"
port-channel11.core2.nyc4,N/A,N/A,N/A,N/A,N/A,N/A,,"{
  ""domain_name"": null,
  ""registrar"": null,
  ""whois_server"": null,
  ""referral_url"": null,
  ""updated_date"": null,
  ""creation_date"": null,
  ""expiration_date"": null,
  ""name_servers"": null,
  ""status"": null,
  ""emails"": null,
  ""dnssec"": null,
  ""name"": null,
  ""org"": null,
  ""address"": null,
  ""city"": null,
  ""state"": null,
  ""registrant_postal_code"": null,
  ""country"": null
}"
port-channel4.core1.nyc6.,N/A,N/A,N/A,N/A,N/A,N/A,,"{
  ""domain_name"": null,
  ""registrar"": null,
  ""whois_server"": null,
  ""referral_url"": null,
  ""updated_date"": null,
  ""creation_date"": null,
  ""expiration_date"": null,
  ""name_servers"": null,
  ""status"": null,
  ""emails"": null,
  ""dnssec"": null,
  ""name"": null,
  ""org"": null,
  ""address"": null,
  ""city"": null,
  ""state"": null,
  ""registrant_postal_code"": null,
  ""country"": null
}"
cr1-tck1-us.globenet.net,N/A,N/A,N/A,N/A,N/A,N/A,,"{
  ""domain_name"": ""GLOBENET.NET"",
  ""registrar"": ""Network Solutions, LLC"",
  ""whois_server"": ""whois.networksolutions.com"",
  ""referral_url"": null,
  ""updated_date"": [
    ""2021-03-29 23:12:03"",
    ""2021-03-29 23:12:50""
  ],
  ""creation_date"": ""1994-08-11 04:00:00"",
  ""expiration_date"": ""2026-08-10 04:00:00"",
  ""name_servers"": [
    ""NS1.BLUEHOST.COM"",
    ""NS2.BLUEHOST.COM""
  ],
  ""status"": ""clientTransferProhibited https://icann.org/epp#clientTransferProhibited"",
  ""emails"": [
    ""domain.operations@web.com"",
    ""marketing@globenet.net""
  ],
  ""dnssec"": ""unsigned"",
  ""name"": ""GlobeNet"",
  ""org"": ""GlobeNet"",
  ""address"": ""200 E LAS OLAS BLVD STE 1700 STE 1700"",
  ""city"": ""Fort Lauderdale"",
  ""state"": ""FL"",
  ""registrant_postal_code"": ""33301-2299"",
  ""country"": ""US""
}"
globenet.ftlza.br.as52320,N/A,N/A,N/A,N/A,N/A,N/A,,"{
  ""domain_name"": null,
  ""registrar"": null,
  ""whois_server"": null,
  ""referral_url"": null,
  ""updated_date"": null,
  ""creation_date"": null,
  ""expiration_date"": null,
  ""name_servers"": null,
  ""status"": null,
  ""emails"": null,
  ""dnssec"": null,
  ""name"": null,
  ""org"": null,
  ""address"": null,
  ""city"": null,
  ""state"": null,
  ""registrant_postal_code"": null,
  ""country"": null
}"
142.251.253.34,142.251.253.34,N/A,Paris,Île-de-France,FR,AS15169 Google LLC,,
108.170.255.168,108.170.255.168,N/A,Paris,Île-de-France,FR,AS15169 Google LLC,,
209.85.251.179,209.85.251.179,N/A,Paris,Île-de-France,FR,AS15169 Google LLC,,
192.178.75.108,192.178.75.108,N/A,Osasco,São Paulo,BR,AS15169 Google LLC,,
142.250.228.29,142.250.228.29,N/A,Osasco,São Paulo,BR,AS15169 Google LLC,,
192.178.84.59,192.178.84.59,N/A,Osasco,São Paulo,BR,AS15169 Google LLC,,
142.251.64.26,142.251.64.26,N/A,Osasco,São Paulo,BR,AS15169 Google LLC,,
142.251.64.124,142.251.64.124,N/A,Paris,Île-de-France,FR,AS15169 Google LLC,,
108.170.233.114,108.170.233.114,N/A,Paris,Île-de-France,FR,AS15169 Google LLC,,
216.239.43.184,216.239.43.184,N/A,Washington,District of Columbia,US,AS15169 Google LLC,,
192.178.75.110,192.178.75.110,N/A,Osasco,São Paulo,BR,AS15169 Google LLC,,
172.253.67.192,172.253.67.192,N/A,Osasco,São Paulo,BR,AS15169 Google LLC,,
142.251.255.53,142.251.255.53,N/A,Osasco,São Paulo,BR,AS15169 Google LLC,,
142.251.64.24,142.251.64.24,N/A,Osasco,São Paulo,BR,AS15169 Google LLC,,
108.170.235.14,108.170.235.14,N/A,Paris,Île-de-France,FR,AS15169 Google LLC,,
192.178.96.136,192.178.96.136,N/A,Paris,Île-de-France,FR,AS15169 Google LLC,,
209.85.255.106,209.85.255.106,N/A,Paris,Île-de-France,FR,AS15169 Google LLC,,
172.253.65.6,172.253.65.6,N/A,Osasco,São Paulo,BR,AS15169 Google LLC,,
192.178.84.30,192.178.84.30,N/A,Osasco,São Paulo,BR,AS15169 Google LLC,,
72.14.237.92,72.14.237.92,N/A,Paris,Île-de-France,FR,AS15169 Google LLC,,
142.250.59.230,142.250.59.230,N/A,Paris,Île-de-France,FR,AS15169 Google LLC,,
209.85.244.148,209.85.244.148,N/A,Osasco,São Paulo,BR,AS15169 Google LLC,,
108.170.255.164,108.170.255.164,N/A,Paris,Île-de-France,FR,AS15169 Google LLC,,
192.178.84.179,192.178.84.179,N/A,Osasco,São Paulo,BR,AS15169 Google LLC,,
209.85.248.220,209.85.248.220,N/A,Osasco,São Paulo,BR,AS15169 Google LLC,,
172.253.67.189,172.253.67.189,N/A,Osasco,São Paulo,BR,AS15169 Google LLC,,
108.170.232.0,108.170.232.0,N/A,Osasco,São Paulo,BR,AS15169 Google LLC,,
142.251.253.36,142.251.253.36,N/A,Paris,Île-de-France,FR,AS15169 Google LLC,,
108.170.236.36,108.170.236.36,N/A,London,England,GB,AS15169 Google LLC,,
192.178.241.152,192.178.241.152,N/A,Lagos,Lagos,NG,AS15169 Google LLC,,
192.178.240.17,192.178.240.17,N/A,Lagos,Lagos,NG,AS15169 Google LLC,,
192.178.106.184,192.178.106.184,N/A,Lagos,Lagos,NG,AS15169 Google LLC,,
104.237.164.65,104.237.164.65,N/A,Lagos,Lagos,NG,AS36040 Google LLC,,
104.237.164.64,104.237.164.64,N/A,Lagos,Lagos,NG,AS36040 Google LLC,,
142.251.49.132,142.251.49.132,N/A,Paris,Île-de-France,FR,AS15169 Google LLC,,
172.253.77.129,172.253.77.129,N/A,Council Bluffs,Iowa,US,AS15169 Google LLC,,
142.251.237.109,142.251.237.109,N/A,Omaha,Nebraska,US,AS15169 Google LLC,,
72.14.233.195,72.14.233.195,N/A,Paris,Île-de-France,FR,AS15169 Google LLC,,
142.250.59.100,142.250.59.100,N/A,Paris,Île-de-France,FR,AS15169 Google LLC,,
108.170.238.162,108.170.238.162,N/A,Paris,Île-de-France,FR,AS15169 Google LLC,,
192.178.81.231,192.178.81.231,N/A,Chicago,Illinois,US,AS15169 Google LLC,,
209.85.250.157,209.85.250.157,N/A,Chicago,Illinois,US,AS15169 Google LLC,,
74.125.251.107,74.125.251.107,N/A,Tulsa,Oklahoma,US,AS15169 Google LLC,,
142.250.57.243,142.250.57.243,N/A,Dallas,Texas,US,AS15169 Google LLC,,
72.14.233.77,72.14.233.77,N/A,Paris,Île-de-France,FR,AS15169 Google LLC,,
192.178.75.106,192.178.75.106,N/A,Ashburn,Virginia,US,AS15169 Google LLC,,
192.178.242.29,192.178.242.29,N/A,Osasco,São Paulo,BR,AS15169 Google LLC,,
192.178.75.158,192.178.75.158,N/A,Osasco,São Paulo,BR,AS15169 Google LLC,,
209.85.251.216,209.85.251.216,N/A,Paris,Île-de-France,FR,AS15169 Google LLC,,
142.250.58.214,142.250.58.214,N/A,Oklahoma City,Oklahoma,US,AS15169 Google LLC,,
142.250.58.43,142.250.58.43,N/A,Dallas,Texas,US,AS15169 Google LLC,,
72.14.236.137,72.14.236.137,N/A,Paris,Île-de-France,FR,AS15169 Google LLC,,
142.250.234.41,142.250.234.41,N/A,Paris,Île-de-France,FR,AS15169 Google LLC,,
any-in-c000.1e100.net,72.14.192.0,any-in-c000.1e100.net,Mountain View,California,US,AS15169 Google LLC,,
142.251.236.222,142.251.236.222,N/A,London,England,GB,AS15169 Google LLC,,
172.253.72.147,172.253.72.147,N/A,New York City,New York,US,AS15169 Google LLC,,
142.251.69.65,142.251.69.65,N/A,New York City,New York,US,AS15169 Google LLC,,
142.250.46.187,142.250.46.187,N/A,Toronto,Ontario,CA,AS15169 Google LLC,,
192.178.98.123,192.178.98.123,N/A,Toronto,Ontario,CA,AS15169 Google LLC,,
142.251.67.166,142.251.67.166,N/A,Paris,Île-de-France,FR,AS15169 Google LLC,,
172.253.65.168,172.253.65.168,N/A,Brussels,Brussels Capital,BE,AS15169 Google LLC,,
192.178.86.9,192.178.86.9,N/A,Brussels,Brussels Capital,BE,AS15169 Google LLC,,
216.239.48.44,216.239.48.44,N/A,Paris,Île-de-France,FR,AS15169 Google LLC,,
192.178.81.225,192.178.81.225,N/A,Ashburn,Virginia,US,AS15169 Google LLC,,
192.178.111.167,192.178.111.167,N/A,Council Bluffs,Iowa,US,AS15169 Google LLC,,
195.22.216.29,195.22.216.29,N/A,New York City,New York,US,AS6762 TELECOM ITALIA SPARKLE S.p.A.,,
be-3412-cs04.newyork.ny.i,N/A,N/A,N/A,N/A,N/A,N/A,,"{
  ""domain_name"": null,
  ""registrar"": null,
  ""whois_server"": null,
  ""referral_url"": null,
  ""updated_date"": null,
  ""creation_date"": null,
  ""expiration_date"": null,
  ""name_servers"": null,
  ""status"": null,
  ""emails"": null,
  ""dnssec"": null,
  ""name"": null,
  ""org"": null,
  ""address"": null,
  ""city"": null,
  ""state"": null,
  ""registrant_postal_code"": null,
  ""country"": null
}"
be-32021-ar01.needham.ma.,N/A,N/A,N/A,N/A,N/A,N/A,,"{
  ""domain_name"": null,
  ""registrar"": null,
  ""whois_server"": null,
  ""referral_url"": null,
  ""updated_date"": null,
  ""creation_date"": null,
  ""expiration_date"": null,
  ""name_servers"": null,
  ""status"": null,
  ""emails"": null,
  ""dnssec"": null,
  ""name"": null,
  ""org"": null,
  ""address"": null,
  ""city"": null,
  ""state"": null,
  ""registrant_postal_code"": null,
  ""country"": null
}"
142.251.64.128,142.251.64.128,N/A,Paris,Île-de-France,FR,AS15169 Google LLC,,
108.170.230.209,108.170.230.209,N/A,Paris,Île-de-France,FR,AS15169 Google LLC,,
216.239.62.197,216.239.62.197,N/A,New York City,New York,US,AS15169 Google LLC,,
port-channel21.core3.nyc4,N/A,N/A,N/A,N/A,N/A,N/A,,"{
  ""domain_name"": null,
  ""registrar"": null,
  ""whois_server"": null,
  ""referral_url"": null,
  ""updated_date"": null,
  ""creation_date"": null,
  ""expiration_date"": null,
  ""name_servers"": null,
  ""status"": null,
  ""emails"": null,
  ""dnssec"": null,
  ""name"": null,
  ""org"": null,
  ""address"": null,
  ""city"": null,
  ""state"": null,
  ""registrant_postal_code"": null,
  ""country"": null
}"
port-channel5.core1.nyc6.,N/A,N/A,N/A,N/A,N/A,N/A,,"{
  ""domain_name"": null,
  ""registrar"": null,
  ""whois_server"": null,
  ""referral_url"": null,
  ""updated_date"": null,
  ""creation_date"": null,
  ""expiration_date"": null,
  ""name_servers"": null,
  ""status"": null,
  ""emails"": null,
  ""dnssec"": null,
  ""name"": null,
  ""org"": null,
  ""address"": null,
  ""city"": null,
  ""state"": null,
  ""registrant_postal_code"": null,
  ""country"": null
}"
142.250.228.15,142.250.228.15,N/A,Osasco,São Paulo,BR,AS15169 Google LLC,,
192.178.75.112,192.178.75.112,N/A,Vršovice,Ústecký kraj,CZ,AS15169 Google LLC,,
142.250.62.166,142.250.62.166,N/A,Osasco,São Paulo,BR,AS15169 Google LLC,,
142.251.49.136,142.251.49.136,N/A,Paris,Île-de-France,FR,AS15169 Google LLC,,
192.178.84.55,192.178.84.55,N/A,Osasco,São Paulo,BR,AS15169 Google LLC,,
142.250.224.196,142.250.224.196,N/A,Paris,Île-de-France,FR,AS15169 Google LLC,,
192.178.84.36,192.178.84.36,N/A,Osasco,São Paulo,BR,AS15169 Google LLC,,
142.251.255.7,142.251.255.7,N/A,Osasco,São Paulo,BR,AS15169 Google LLC,,
108.170.252.151,108.170.252.151,N/A,Omaha,Nebraska,US,AS15169 Google LLC,,
192.178.246.245,192.178.246.245,N/A,Denver,Colorado,US,AS15169 Google LLC,,
72.14.236.91,72.14.236.91,N/A,Paris,Île-de-France,FR,AS15169 Google LLC,,
216.239.40.15,216.239.40.15,N/A,Dallas,Texas,US,AS15169 Google LLC,,
172.253.74.229,172.253.74.229,N/A,Tulsa,Oklahoma,US,AS15169 Google LLC,,
142.250.57.253,142.250.57.253,N/A,Tulsa,Oklahoma,US,AS15169 Google LLC,,
216.239.56.161,216.239.56.161,N/A,Dallas,Texas,US,AS15169 Google LLC,,
172.253.76.29,172.253.76.29,N/A,Tulsa,Oklahoma,US,AS15169 Google LLC,,
142.250.57.247,142.250.57.247,N/A,Dallas,Texas,US,AS15169 Google LLC,,
192.178.72.199,192.178.72.199,N/A,Chicago,Illinois,US,AS15169 Google LLC,,
142.251.237.111,142.251.237.111,N/A,Denver,Colorado,US,AS15169 Google LLC,,
142.251.49.26,142.251.49.26,N/A,Greenwood Village,Colorado,US,AS15169 Google LLC,,
108.170.235.99,108.170.235.99,N/A,Paris,Île-de-France,FR,AS15169 Google LLC,,
142.251.236.230,142.251.236.230,N/A,London,England,GB,AS15169 Google LLC,,
216.239.58.110,216.239.58.110,N/A,Jersey City,New Jersey,US,AS15169 Google LLC,,
142.251.255.13,142.251.255.13,N/A,Osasco,São Paulo,BR,AS15169 Google LLC,,
192.178.84.181,192.178.84.181,N/A,Osasco,São Paulo,BR,AS15169 Google LLC,,
142.251.53.96,142.251.53.96,N/A,Osasco,São Paulo,BR,AS15169 Google LLC,,
142.251.252.159,142.251.252.159,N/A,Osasco,São Paulo,BR,AS15169 Google LLC,,
209.85.244.162,209.85.244.162,N/A,Osasco,São Paulo,BR,AS15169 Google LLC,,
216.239.54.142,216.239.54.142,N/A,Osasco,São Paulo,BR,AS15169 Google LLC,,
64.233.174.183,64.233.174.183,N/A,Tulsa,Oklahoma,US,AS15169 Google LLC,,
192.178.72.196,192.178.72.196,N/A,Chicago,Illinois,US,AS15169 Google LLC,,
108.170.252.153,108.170.252.153,N/A,Denver,Colorado,US,AS15169 Google LLC,,
172.253.65.166,172.253.65.166,N/A,New York City,New York,US,AS15169 Google LLC,,
142.251.69.0,142.251.69.0,N/A,New York City,New York,US,AS15169 Google LLC,,
66.249.94.132,66.249.94.132,N/A,Paris,Île-de-France,FR,AS15169 Google LLC,,
172.253.51.77,172.253.51.77,N/A,Denver,Colorado,US,AS15169 Google LLC,,
192.178.97.21,192.178.97.21,N/A,Denver,Colorado,US,AS15169 Google LLC,,
192.178.86.60,192.178.86.60,N/A,Denver,Colorado,US,AS15169 Google LLC,,
192.178.241.203,192.178.241.203,N/A,Osasco,São Paulo,BR,AS15169 Google LLC,,
216.239.58.30,216.239.58.30,N/A,Osasco,São Paulo,BR,AS15169 Google LLC,,
172.253.75.207,172.253.75.207,N/A,Dallas,Texas,US,AS15169 Google LLC,,
142.251.70.210,142.251.70.210,N/A,Dallas,Texas,US,AS15169 Google LLC,,
209.85.251.65,209.85.251.65,N/A,Omaha,Nebraska,US,AS15169 Google LLC,,
192.178.106.40,192.178.106.40,N/A,New York City,New York,US,AS15169 Google LLC,,
108.170.235.116,108.170.235.116,N/A,Osasco,São Paulo,BR,AS15169 Google LLC,,
209.85.246.80,209.85.246.80,N/A,Osasco,São Paulo,BR,AS15169 Google LLC,,
142.251.250.58,142.251.250.58,N/A,Osasco,São Paulo,BR,AS15169 Google LLC,,
209.85.252.69,209.85.252.69,N/A,Osasco,São Paulo,BR,AS15169 Google LLC,,
142.251.234.225,142.251.234.225,N/A,Omaha,Nebraska,US,AS15169 Google LLC,,
74.125.251.75,74.125.251.75,N/A,Tulsa,Oklahoma,US,AS15169 Google LLC,,
142.250.224.199,142.250.224.199,N/A,Paris,Île-de-France,FR,AS15169 Google LLC,,
142.251.64.33,142.251.64.33,N/A,Brussels,Brussels Capital,BE,AS15169 Google LLC,,
172.253.70.29,172.253.70.29,N/A,Council Bluffs,Iowa,US,AS15169 Google LLC,,
209.85.142.100,209.85.142.100,N/A,London,England,GB,AS15169 Google LLC,,
192.178.108.19,192.178.108.19,N/A,New York City,New York,US,AS15169 Google LLC,,
216.239.48.0,216.239.48.0,N/A,Paris,Île-de-France,FR,AS15169 Google LLC,,
142.251.53.98,142.251.53.98,N/A,Osasco,São Paulo,BR,AS15169 Google LLC,,
142.250.59.92,142.250.59.92,N/A,Tulsa,Oklahoma,US,AS15169 Google LLC,,
142.250.57.249,142.250.57.249,N/A,Dallas,Texas,US,AS15169 Google LLC,,
216.239.59.122,216.239.59.122,N/A,New York City,New York,US,AS15169 Google LLC,,
216.239.51.110,216.239.51.110,N/A,London,England,GB,AS15169 Google LLC,,
108.170.225.110,108.170.225.110,N/A,Dallas,Texas,US,AS15169 Google LLC,,
192.178.111.165,192.178.111.165,N/A,Council Bluffs,Iowa,US,AS15169 Google LLC,,
142.251.234.227,142.251.234.227,N/A,Denver,Colorado,US,AS15169 Google LLC,,
142.251.232.224,142.251.232.224,N/A,London,England,GB,AS15169 Google LLC,,
142.251.69.175,142.251.69.175,N/A,New York City,New York,US,AS15169 Google LLC,,
172.253.70.31,172.253.70.31,N/A,Council Bluffs,Iowa,US,AS15169 Google LLC,,
142.251.247.74,142.251.247.74,N/A,Brussels,Brussels Capital,BE,AS15169 Google LLC,,
172.253.51.121,172.253.51.121,N/A,Denver,Colorado,US,AS15169 Google LLC,,
192.178.106.152,192.178.106.152,N/A,New York City,New York,US,AS15169 Google LLC,,
108.170.252.155,108.170.252.155,N/A,Denver,Colorado,US,AS15169 Google LLC,,
142.250.61.193,142.250.61.193,N/A,Montréal,Quebec,CA,AS15169 Google LLC,,
142.251.50.228,142.251.50.228,N/A,Toronto,Ontario,CA,AS15169 Google LLC,,
216.239.48.37,216.239.48.37,N/A,Paris,Île-de-France,FR,AS15169 Google LLC,,
142.250.224.198,142.250.224.198,N/A,Paris,Île-de-France,FR,AS15169 Google LLC,,
192.178.81.141,192.178.81.141,N/A,Ashburn,Virginia,US,AS15169 Google LLC,,
142.251.254.58,142.251.254.58,N/A,Atlanta,Georgia,US,AS15169 Google LLC,,
192.178.44.141,192.178.44.141,N/A,Dallas,Texas,US,AS15169 Google LLC,,
216.239.58.17,216.239.58.17,N/A,Dallas,Texas,US,AS15169 Google LLC,,
209.85.242.252,209.85.242.252,N/A,San Jose,California,US,AS15169 Google LLC,,
192.178.72.206,192.178.72.206,N/A,Chicago,Illinois,US,AS15169 Google LLC,,
172.253.51.81,172.253.51.81,N/A,Denver,Colorado,US,AS15169 Google LLC,,
192.178.86.62,192.178.86.62,N/A,Denver,Colorado,US,AS15169 Google LLC,,
142.251.226.103,142.251.226.103,N/A,Ashburn,Virginia,US,AS15169 Google LLC,,
192.178.72.204,192.178.72.204,N/A,Chicago,Illinois,US,AS15169 Google LLC,,
142.251.233.66,142.251.233.66,N/A,London,England,GB,AS15169 Google LLC,,
142.251.69.67,142.251.69.67,N/A,New York City,New York,US,AS15169 Google LLC,,
142.250.60.102,142.250.60.102,N/A,Paris,Île-de-France,FR,AS15169 Google LLC,,
142.250.226.14,142.250.226.14,N/A,Osasco,São Paulo,BR,AS15169 Google LLC,,
142.250.215.195,142.250.215.195,N/A,Ashburn,Virginia,US,AS15169 Google LLC,,
216.239.48.42,216.239.48.42,N/A,Paris,Île-de-France,FR,AS15169 Google LLC,,
172.253.51.30,172.253.51.30,N/A,Osasco,São Paulo,BR,AS15169 Google LLC,,
108.170.229.46,108.170.229.46,N/A,Osasco,São Paulo,BR,AS15169 Google LLC,,
142.251.253.224,142.251.253.224,N/A,Osasco,São Paulo,BR,AS15169 Google LLC,,
172.253.66.216,172.253.66.216,N/A,Osasco,São Paulo,BR,AS15169 Google LLC,,
142.251.253.32,142.251.253.32,N/A,Paris,Île-de-France,FR,AS15169 Google LLC,,
192.178.81.239,192.178.81.239,N/A,Chicago,Illinois,US,AS15169 Google LLC,,
108.170.228.4,108.170.228.4,N/A,Dallas,Texas,US,AS15169 Google LLC,,
142.250.57.241,142.250.57.241,N/A,Dallas,Texas,US,AS15169 Google LLC,,
192.178.242.99,192.178.242.99,N/A,Osasco,São Paulo,BR,AS15169 Google LLC,,
172.253.73.232,172.253.73.232,N/A,Osasco,São Paulo,BR,AS15169 Google LLC,,
142.251.49.212,142.251.49.212,N/A,Mountain View,California,US,AS15169 Google LLC,,
142.251.77.11,142.251.77.11,N/A,Tulsa,Oklahoma,US,AS15169 Google LLC,,
209.85.253.217,209.85.253.217,N/A,Paris,Île-de-France,FR,AS15169 Google LLC,,
216.239.57.144,216.239.57.144,N/A,Dallas,Texas,US,AS15169 Google LLC,,
142.251.49.96,142.251.49.96,N/A,Seattle,Washington,US,AS15169 Google LLC,,
172.253.51.119,172.253.51.119,N/A,Denver,Colorado,US,AS15169 Google LLC,,
142.251.49.44,142.251.49.44,N/A,Mountain View,California,US,AS15169 Google LLC,,
192.178.81.235,192.178.81.235,N/A,Ashburn,Virginia,US,AS15169 Google LLC,,
74.125.242.228,74.125.242.228,N/A,Denver,Colorado,US,AS15169 Google LLC,,
74.125.242.74,74.125.242.74,N/A,Denver,Colorado,US,AS15169 Google LLC,,
108.170.230.205,108.170.230.205,N/A,Paris,Île-de-France,FR,AS15169 Google LLC,,
142.251.69.10,142.251.69.10,N/A,Chicago,Illinois,US,AS15169 Google LLC,,
142.251.253.226,142.251.253.226,N/A,Ashburn,Virginia,US,AS15169 Google LLC,,
142.251.244.215,142.251.244.215,N/A,Ashburn,Virginia,US,AS15169 Google LLC,,
172.253.67.30,172.253.67.30,N/A,Osasco,São Paulo,BR,AS15169 Google LLC,,
142.251.226.93,142.251.226.93,N/A,Dranesville,Virginia,US,AS15169 Google LLC,,
192.178.84.12,192.178.84.12,N/A,Osasco,São Paulo,BR,AS15169 Google LLC,,
74.125.242.226,74.125.242.226,N/A,Denver,Colorado,US,AS15169 Google LLC,,
209.85.250.200,209.85.250.200,N/A,Paris,Île-de-France,FR,AS15169 Google LLC,,
142.250.59.235,142.250.59.235,N/A,Ashburn,Virginia,US,AS15169 Google LLC,,
192.178.245.239,192.178.245.239,N/A,Osasco,São Paulo,BR,AS15169 Google LLC,,
192.178.84.188,192.178.84.188,N/A,Osasco,São Paulo,BR,AS15169 Google LLC,,
142.250.57.245,142.250.57.245,N/A,Dallas,Texas,US,AS15169 Google LLC,,
142.250.57.233,142.250.57.233,N/A,Dallas,Texas,US,AS15169 Google LLC,,
72.14.238.53,72.14.238.53,N/A,Paris,Île-de-France,FR,AS15169 Google LLC,,
142.250.233.170,142.250.233.170,N/A,Dallas,Texas,US,AS15169 Google LLC,,
142.251.238.39,142.251.238.39,N/A,Dranesville,Virginia,US,AS15169 Google LLC,,
142.251.69.72,142.251.69.72,N/A,London,England,GB,AS15169 Google LLC,,
142.251.64.130,142.251.64.130,N/A,Paris,Île-de-France,FR,AS15169 Google LLC,,
209.85.242.194,209.85.242.194,N/A,Chicago,Illinois,US,AS15169 Google LLC,,
108.170.233.13,108.170.233.13,N/A,University Center,Virginia,US,AS15169 Google LLC,,
142.251.242.0,142.251.242.0,N/A,Osasco,São Paulo,BR,AS15169 Google LLC,,
172.253.50.38,172.253.50.38,N/A,Ashburn,Virginia,US,AS15169 Google LLC,,
192.178.84.10,192.178.84.10,N/A,Osasco,São Paulo,BR,AS15169 Google LLC,,
209.85.142.201,209.85.142.201,N/A,Paris,Île-de-France,FR,AS15169 Google LLC,,
142.251.68.99,142.251.68.99,N/A,Ashburn,Virginia,US,AS15169 Google LLC,,
192.178.72.194,192.178.72.194,N/A,Chicago,Illinois,US,AS15169 Google LLC,,
72.14.238.55,72.14.238.55,N/A,Paris,Île-de-France,FR,AS15169 Google LLC,,
142.250.211.189,142.250.211.189,N/A,Ashburn,Virginia,US,AS15169 Google LLC,,
142.251.53.187,142.251.53.187,N/A,Tulsa,Oklahoma,US,AS15169 Google LLC,,
192.178.81.151,192.178.81.151,N/A,Ashburn,Virginia,US,AS15169 Google LLC,,
216.239.49.35,216.239.49.35,N/A,Jacksonville,Florida,US,AS15169 Google LLC,,
142.251.253.109,142.251.253.109,N/A,Dallas,Texas,US,AS15169 Google LLC,,
216.239.62.134,216.239.62.134,N/A,Dallas,Texas,US,AS15169 Google LLC,,
142.251.245.83,142.251.245.83,N/A,Sterling,Virginia,US,AS15169 Google LLC,,
172.253.77.123,172.253.77.123,N/A,Council Bluffs,Iowa,US,AS15169 Google LLC,,
142.251.69.52,142.251.69.52,N/A,New York City,New York,US,AS15169 Google LLC,,
142.250.59.233,142.250.59.233,N/A,Sterling,Virginia,US,AS15169 Google LLC,,
142.251.250.181,142.251.250.181,N/A,Omaha,Nebraska,US,AS15169 Google LLC,,
172.253.51.79,172.253.51.79,N/A,Denver,Colorado,US,AS15169 Google LLC,,
192.178.81.233,192.178.81.233,N/A,Chicago,Illinois,US,AS15169 Google LLC,,
172.253.75.79,172.253.75.79,N/A,Tulsa,Oklahoma,US,AS15169 Google LLC,,
142.251.237.185,142.251.237.185,N/A,Washington,District of Columbia,US,AS15169 Google LLC,,
108.170.228.90,108.170.228.90,N/A,Dallas,Texas,US,AS15169 Google LLC,,
216.239.50.52,216.239.50.52,N/A,Dallas,Texas,US,AS15169 Google LLC,,
172.253.68.19,172.253.68.19,N/A,Council Bluffs,Iowa,US,AS15169 Google LLC,,
142.251.226.101,142.251.226.101,N/A,Ashburn,Virginia,US,AS15169 Google LLC,,
142.251.253.38,142.251.253.38,N/A,Paris,Île-de-France,FR,AS15169 Google LLC,,
216.239.49.155,216.239.49.155,N/A,Dallas,Texas,US,AS15169 Google LLC,,
209.85.248.117,209.85.248.117,N/A,Paris,Île-de-France,FR,AS15169 Google LLC,,
172.253.50.36,172.253.50.36,N/A,Osasco,São Paulo,BR,AS15169 Google LLC,,
142.250.215.191,142.250.215.191,N/A,Ashburn,Virginia,US,AS15169 Google LLC,,
216.239.40.13,216.239.40.13,N/A,Dallas,Texas,US,AS15169 Google LLC,,
142.250.57.239,142.250.57.239,N/A,Tulsa,Oklahoma,US,AS15169 Google LLC,,
209.85.142.249,209.85.142.249,N/A,Council Bluffs,Iowa,US,AS15169 Google LLC,,
142.250.215.189,142.250.215.189,N/A,Sterling,Virginia,US,AS15169 Google LLC,,
216.239.58.28,216.239.58.28,N/A,Osasco,São Paulo,BR,AS15169 Google LLC,,
216.239.49.153,216.239.49.153,N/A,Chicago,Illinois,US,AS15169 Google LLC,,
192.178.106.34,192.178.106.34,N/A,New York City,New York,US,AS15169 Google LLC,,
64.233.175.62,64.233.175.62,N/A,Madrid,Madrid,ES,AS15169 Google LLC,,
192.178.86.23,192.178.86.23,N/A,Brussels,Brussels Capital,BE,AS15169 Google LLC,,
172.253.77.127,172.253.77.127,N/A,Omaha,Nebraska,US,AS15169 Google LLC,,
172.253.76.32,172.253.76.32,N/A,Paris,Île-de-France,FR,AS15169 Google LLC,,
209.85.243.16,209.85.243.16,N/A,Madrid,Madrid,ES,AS15169 Google LLC,,
142.250.58.11,142.250.58.11,N/A,Lagos,Lagos,NG,AS15169 Google LLC,,
172.253.51.143,172.253.51.143,N/A,Tulsa,Oklahoma,US,AS15169 Google LLC,,
142.251.76.48,142.251.76.48,N/A,Tulsa,Oklahoma,US,AS15169 Google LLC,,
142.250.57.251,142.250.57.251,N/A,Tulsa,Oklahoma,US,AS15169 Google LLC,,
be-32041-ar01.needham.ma.,N/A,N/A,N/A,N/A,N/A,N/A,,"{
  ""domain_name"": null,
  ""registrar"": null,
  ""whois_server"": null,
  ""referral_url"": null,
  ""updated_date"": null,
  ""creation_date"": null,
  ""expiration_date"": null,
  ""name_servers"": null,
  ""status"": null,
  ""emails"": null,
  ""dnssec"": null,
  ""name"": null,
  ""org"": null,
  ""address"": null,
  ""city"": null,
  ""state"": null,
  ""registrant_postal_code"": null,
  ""country"": null
}"
192.178.72.202,192.178.72.202,N/A,Chicago,Illinois,US,AS15169 Google LLC,,
192.178.106.157,192.178.106.157,N/A,New York City,New York,US,AS15169 Google LLC,,
192.178.106.102,192.178.106.102,N/A,New York City,New York,US,AS15169 Google LLC,,
172.253.67.70,172.253.67.70,N/A,Osasco,São Paulo,BR,AS15169 Google LLC,,
172.253.76.36,172.253.76.36,N/A,Madrid,Madrid,ES,AS15169 Google LLC,,
192.178.82.18,192.178.82.18,N/A,Lagos,Lagos,NG,AS15169 Google LLC,,
192.178.106.246,192.178.106.246,N/A,Lagos,Lagos,NG,AS15169 Google LLC,,
192.178.81.237,192.178.81.237,N/A,Ashburn,Virginia,US,AS15169 Google LLC,,
142.251.236.105,142.251.236.105,N/A,Tysons,Virginia,US,AS15169 Google LLC,,
149.3.183.67,149.3.183.67,N/A,London,England,GB,AS6762 TELECOM ITALIA SPARKLE S.p.A.,,
72.14.239.89,72.14.239.89,N/A,Charlotte,North Carolina,US,AS15169 Google LLC,,
142.251.236.228,142.251.236.228,N/A,London,England,GB,AS15169 Google LLC,,
216.239.62.194,216.239.62.194,N/A,New York City,New York,US,AS15169 Google LLC,,
209.85.249.129,209.85.249.129,N/A,Council Bluffs,Iowa,US,AS15169 Google LLC,,
216.239.63.9,216.239.63.9,N/A,Chicago,Illinois,US,AS15169 Google LLC,,
142.251.78.220,142.251.78.220,N/A,London,England,GB,AS15169 Google LLC,,
108.170.228.83,108.170.228.83,N/A,Dallas,Texas,US,AS15169 Google LLC,,
192.178.81.83,192.178.81.83,N/A,Council Bluffs,Iowa,US,AS15169 Google LLC,,
142.251.49.42,142.251.49.42,N/A,New York City,New York,US,AS15169 Google LLC,,
192.178.107.38,192.178.107.38,N/A,New York City,New York,US,AS15169 Google LLC,,
172.253.67.68,172.253.67.68,N/A,Osasco,São Paulo,BR,AS15169 Google LLC,,
142.250.227.230,142.250.227.230,N/A,Osasco,São Paulo,BR,AS15169 Google LLC,,
172.253.76.38,172.253.76.38,N/A,Madrid,Madrid,ES,AS15169 Google LLC,,
66.249.94.91,66.249.94.91,N/A,Lagos,Lagos,NG,AS15169 Google LLC,,
209.85.250.159,209.85.250.159,N/A,Chicago,Illinois,US,AS15169 Google LLC,,
172.253.51.145,172.253.51.145,N/A,Dallas,Texas,US,AS15169 Google LLC,,
108.170.234.21,108.170.234.21,N/A,Montréal,Quebec,CA,AS15169 Google LLC,,
192.178.99.29,192.178.99.29,N/A,Toronto,Ontario,CA,AS15169 Google LLC,,
216.239.51.118,216.239.51.118,N/A,London,England,GB,AS15169 Google LLC,,
142.251.247.82,142.251.247.82,N/A,Brussels,Brussels Capital,BE,AS15169 Google LLC,,
142.251.51.130,142.251.51.130,N/A,Reston,Virginia,US,AS15169 Google LLC,,
216.239.56.16,216.239.56.16,N/A,New York City,New York,US,AS15169 Google LLC,,
209.85.243.108,209.85.243.108,N/A,Madrid,Madrid,ES,AS15169 Google LLC,,
142.251.78.248,142.251.78.248,N/A,London,England,GB,AS15169 Google LLC,,
142.251.247.78,142.251.247.78,N/A,Brussels,Brussels Capital,BE,AS15169 Google LLC,,
216.239.40.130,216.239.40.130,N/A,Ashburn,Virginia,US,AS15169 Google LLC,,
142.251.61.209,142.251.61.209,N/A,Mountain View,California,US,AS15169 Google LLC,,
108.170.228.80,108.170.228.80,N/A,Dallas,Texas,US,AS15169 Google LLC,,
108.170.228.72,108.170.228.72,N/A,Dallas,Texas,US,AS15169 Google LLC,,
209.85.246.165,209.85.246.165,N/A,Council Bluffs,Iowa,US,AS15169 Google LLC,,
192.178.85.68,192.178.85.68,N/A,Brussels,Brussels Capital,BE,AS15169 Google LLC,,
142.250.224.94,142.250.224.94,N/A,Paris,Île-de-France,FR,AS15169 Google LLC,,
142.251.53.184,142.251.53.184,N/A,Tulsa,Oklahoma,US,AS15169 Google LLC,,
108.170.252.180,108.170.252.180,N/A,Madrid,Madrid,ES,AS15169 Google LLC,,
142.251.53.182,142.251.53.182,N/A,Tulsa,Oklahoma,US,AS15169 Google LLC,,
142.251.79.32,142.251.79.32,N/A,London,England,GB,AS15169 Google LLC,,
142.251.247.72,142.251.247.72,N/A,Brussels,Brussels Capital,BE,AS15169 Google LLC,,
172.253.65.164,172.253.65.164,N/A,London,England,GB,AS15169 Google LLC,,
216.239.48.75,216.239.48.75,N/A,London,England,GB,AS15169 Google LLC,,
108.170.236.202,108.170.236.202,N/A,London,England,GB,AS15169 Google LLC,,
142.251.69.180,142.251.69.180,N/A,New York City,New York,US,AS15169 Google LLC,,
142.251.69.166,142.251.69.166,N/A,New York City,New York,US,AS15169 Google LLC,,
74.125.253.101,74.125.253.101,N/A,Tulsa,Oklahoma,US,AS15169 Google LLC,,
108.170.232.138,108.170.232.138,N/A,Brussels,Brussels Capital,BE,AS15169 Google LLC,,
172.253.76.34,172.253.76.34,N/A,Paris,Île-de-France,FR,AS15169 Google LLC,,
142.251.76.57,142.251.76.57,N/A,Tulsa,Oklahoma,US,AS15169 Google LLC,,
142.250.58.41,142.250.58.41,N/A,Dallas,Texas,US,AS15169 Google LLC,,
64.233.174.220,64.233.174.220,N/A,Paris,Île-de-France,FR,AS15169 Google LLC,,
108.170.227.150,108.170.227.150,N/A,New York City,New York,US,AS15169 Google LLC,,
172.253.74.217,172.253.74.217,N/A,Tulsa,Oklahoma,US,AS15169 Google LLC,,
108.170.236.236,108.170.236.236,N/A,Brussels,Brussels Capital,BE,AS15169 Google LLC,,
142.251.236.220,142.251.236.220,N/A,London,England,GB,AS15169 Google LLC,,
142.251.49.86,142.251.49.86,N/A,New York City,New York,US,AS15169 Google LLC,,
192.178.106.54,192.178.106.54,N/A,New York City,New York,US,AS15169 Google LLC,,
216.239.54.206,216.239.54.206,N/A,New York City,New York,US,AS15169 Google LLC,,
172.253.76.51,172.253.76.51,N/A,Tulsa,Oklahoma,US,AS15169 Google LLC,,
108.170.231.73,108.170.231.73,N/A,Tulsa,Oklahoma,US,AS15169 Google LLC,,
142.251.247.80,142.251.247.80,N/A,Brussels,Brussels Capital,BE,AS15169 Google LLC,,
172.253.51.83,172.253.51.83,N/A,Denver,Colorado,US,AS15169 Google LLC,,
172.253.51.149,172.253.51.149,N/A,Oklahoma City,Oklahoma,US,AS15169 Google LLC,,
142.250.213.202,142.250.213.202,N/A,London,England,GB,AS15169 Google LLC,,
142.251.245.204,142.251.245.204,N/A,Brussels,Brussels Capital,BE,AS15169 Google LLC,,
172.253.68.50,172.253.68.50,N/A,Atlanta,Georgia,US,AS15169 Google LLC,,
108.170.229.86,108.170.229.86,N/A,Dallas,Texas,US,AS15169 Google LLC,,
142.251.253.103,142.251.253.103,N/A,Dallas,Texas,US,AS15169 Google LLC,,
108.170.237.62,108.170.237.62,N/A,Brussels,Brussels Capital,BE,AS15169 Google LLC,,
142.251.67.135,142.251.67.135,N/A,Dallas,Texas,US,AS15169 Google LLC,,
209.85.251.177,209.85.251.177,N/A,Ashburn,Virginia,US,AS15169 Google LLC,,
192.178.108.142,192.178.108.142,N/A,Columbus,Ohio,US,AS15169 Google LLC,,
74.125.245.139,74.125.245.139,N/A,Columbus,Ohio,US,AS15169 Google LLC,,
172.253.50.53,172.253.50.53,N/A,Sterling,Virginia,US,AS15169 Google LLC,,
108.170.241.42,108.170.241.42,N/A,Ashburn,Virginia,US,AS15169 Google LLC,,
142.251.53.215,142.251.53.215,N/A,Chicago,Illinois,US,AS15169 Google LLC,,
172.253.74.67,172.253.74.67,N/A,Chicago,Illinois,US,AS15169 Google LLC,,
142.250.58.47,142.250.58.47,N/A,Tulsa,Oklahoma,US,AS15169 Google LLC,,
192.178.108.140,192.178.108.140,N/A,Ashburn,Virginia,US,AS15169 Google LLC,,
142.251.232.81,142.251.232.81,N/A,Los Angeles,California,US,AS15169 Google LLC,,
192.178.80.183,192.178.80.183,N/A,Ashburn,Virginia,US,AS15169 Google LLC,,
142.251.226.29,142.251.226.29,N/A,Chicago,Illinois,US,AS15169 Google LLC,,
108.170.241.44,108.170.241.44,N/A,Columbus,Ohio,US,AS15169 Google LLC,,
142.250.57.235,142.250.57.235,N/A,Dallas,Texas,US,AS15169 Google LLC,,
172.253.51.67,172.253.51.67,N/A,Columbus,Ohio,US,AS15169 Google LLC,,
172.20.10.1,172.20.10.1,N/A,N/A,N/A,N/A,N/A,,
192.168.13.46,192.168.13.46,N/A,N/A,N/A,N/A,N/A,,
192.168.255.24,192.168.255.24,N/A,N/A,N/A,N/A,N/A,,
192.168.13.62,192.168.13.62,N/A,N/A,N/A,N/A,N/A,,
64.15.126.0,64.15.126.0,cache.google.com,Boston,Massachusetts,US,AS36040 Google LLC,,
64.15.112.0,64.15.112.0,N/A,Boston,Massachusetts,US,AS36040 Google LLC,,
216.73.80.0,216.73.80.0,N/A,Dallas,Texas,US,AS15169 Google LLC,,
208.65.152.0,208.65.152.0,N/A,Mountain View,California,US,AS43515 Google Ireland Limited,,
208.117.251.0,208.117.251.0,N/A,Boston,Massachusetts,US,AS36040 Google LLC,,
208.117.250.0,208.117.250.0,N/A,Chester,England,GB,AS36040 Google LLC,,
208.117.240.0,208.117.240.0,N/A,Mountain View,California,US,AS36040 Google LLC,,
208.117.238.0,208.117.238.0,N/A,Brussels,Brussels Capital,BE,AS36040 Google LLC,,
208.117.224.0,208.117.224.0,N/A,Denver,Colorado,US,AS43515 Google Ireland Limited,,
172.110.32.0,172.110.32.0,N/A,New York City,New York,US,AS15169 Google LLC,,
104.237.190.0,104.237.190.0,N/A,Frankfurt am Main,Hesse,DE,AS36040 Google LLC,,
104.237.189.0,104.237.189.0,N/A,São Paulo,São Paulo,BR,AS36040 Google LLC,,
104.237.188.0,104.237.188.0,N/A,São Paulo,São Paulo,BR,AS36040 Google LLC,,
104.237.172.0,104.237.172.0,N/A,São Paulo,São Paulo,BR,AS36040 Google LLC,,
104.237.171.0,104.237.171.0,N/A,São Paulo,São Paulo,BR,AS36040 Google LLC,,
104.237.170.0,104.237.170.0,N/A,São Paulo,São Paulo,BR,AS36040 Google LLC,,
104.237.169.0,104.237.169.0,N/A,São Paulo,São Paulo,BR,AS36040 Google LLC,,
104.237.168.0,104.237.168.0,N/A,São Paulo,São Paulo,BR,AS36040 Google LLC,,
104.237.167.0,104.237.167.0,N/A,São Paulo,São Paulo,BR,AS36040 Google LLC,,
104.237.164.0,104.237.164.0,N/A,Lagos,Lagos,NG,AS36040 Google LLC,,
104.237.160.0,104.237.160.0,N/A,Denver,Colorado,US,AS36040 Google LLC,,
64.233.160.0,64.233.160.0,oi-in-f0.1e100.net,Dallas,Texas,US,AS15169 Google LLC,,
66.102.0.0,66.102.0.0,xv-in-f0.1e100.net,Osasco,São Paulo,BR,AS15169 Google LLC,,
66.249.80.0,66.249.80.0,google-proxy-66-249-80-0.google.com,Dallas,Texas,US,AS15169 Google LLC,,
72.14.192.0,72.14.192.0,any-in-c000.1e100.net,Mountain View,California,US,AS15169 Google LLC,,
74.125.0.0,74.125.0.0,yyz12s12-in-f0.1e100.net,Toronto,Ontario,CA,AS15169 Google LLC,,
173.194.0.0,173.194.0.0,bru02s03-in-f0.1e100.net,Brussels,Brussels Capital,BE,AS15169 Google LLC,,
209.85.128.0,209.85.128.0,N/A,Brussels,Brussels Capital,BE,AS15169 Google LLC,,
216.58.192.0,216.58.192.0,nuq04s29-in-f0.1e100.net,Las Vegas,Nevada,US,AS15169 Google LLC,,
216.239.32.0,216.239.32.0,N/A,Moncks Corner,South Carolina,US,AS15169 Google LLC,,
